time_min,CA_mol_L,CP_mol_L,T_K,apparent_conversion
0,1,0,320,0
0.25,0.993713359,0.006286641045,320.0958221,0.006286641045
0.5,0.9874762924,0.01252370763,320.1906701,0.01252370763
0.75,0.9812887775,0.01871122246,320.2845497,0.01871122246
1,0.9751507864,0.0248492136,320.3774665,0.0248492136
1.25,0.9690622855,0.03093771449,320.4694261,0.03093771449
1.5,0.963023236,0.03697676395,320.5604343,0.03697676395
1.75,0.9570335938,0.04296640622,320.6504968,0.04296640622
2,0.951093309,0.04890669096,320.7396191,0.04890669096
2.25,0.9452023267,0.05479767326,320.827807,0.05479767326
2.5,0.9393605863,0.06063941369,320.9150662,0.06063941369
2.75,0.9335680218,0.06643197821,321.0014024,0.06643197821
3,0.9278245618,0.07217543823,321.0868213,0.07217543823
3.25,0.9221301294,0.07786987056,321.1713286,0.07786987056
3.5,0.9164846425,0.08351535748,321.2549302,0.08351535748
3.75,0.9108880133,0.0891119867,321.3376316,0.0891119867
4,0.9053401488,0.09465985124,321.4194388,0.09465985124
4.25,0.8998409505,0.1001590495,321.5003575,0.1001590495
4.5,0.8943903148,0.1056096852,321.5803934,0.1056096852
4.75,0.8889881326,0.1110118674,321.6595524,0.1110118674
5,0.8836342896,0.1163657104,321.7378403,0.1163657104
5.25,0.8783286661,0.1216713339,321.8152629,0.1216713339
5.5,0.8730711374,0.1269288626,321.891826,0.1269288626
5.75,0.8678615735,0.1321384265,321.9675355,0.1321384265
6,0.8626998395,0.1373001605,322.0423972,0.1373001605
6.25,0.8575857954,0.1424142046,322.1164171,0.1424142046
6.5,0.8525192959,0.1474807041,322.189601,0.1474807041
6.75,0.847500191,0.152499809,322.2619547,0.152499809
7,0.8425283257,0.1574716743,322.3334843,0.1574716743
7.25,0.8376035401,0.1623964599,322.4041955,0.1623964599
7.5,0.8327256697,0.1672743303,322.4740944,0.1672743303
7.75,0.8278945453,0.1721054547,322.5431868,0.1721054547
8,0.823109993,0.176890007,322.6114787,0.176890007
8.25,0.8183718342,0.1816281658,322.678976,0.1816281658
8.5,0.8136798858,0.1863201142,322.7456848,0.1863201142
8.75,0.8090339604,0.1909660396,322.8116109,0.1909660396
9,0.8044338661,0.1955661339,322.8767603,0.1955661339
9.25,0.7998794069,0.2001205931,322.9411391,0.2001205931
9.5,0.7953703825,0.2046296175,323.0047531,0.2046296175
9.75,0.7909065887,0.2090934113,323.0676085,0.2090934113
10,0.7864878169,0.2135121831,323.1297111,0.2135121831
10.25,0.7821138547,0.2178861453,323.1910669,0.2178861453
10.5,0.7777844858,0.2222155142,323.2516821,0.2222155142
10.75,0.7734994902,0.2265005098,323.3115625,0.2265005098
11,0.7692586441,0.2307413559,323.3707142,0.2307413559
11.25,0.7650617204,0.2349382796,323.4291432,0.2349382796
11.5,0.7609084882,0.2390915118,323.4868554,0.2390915118
11.75,0.7567987132,0.2432012868,323.543857,0.2432012868
12,0.7527321578,0.2472678422,323.6001538,0.2472678422
12.25,0.7487085812,0.2512914188,323.655752,0.2512914188
12.5,0.7447277393,0.2552722607,323.7106575,0.2552722607
12.75,0.7407893852,0.2592106148,323.7648762,0.2592106148
13,0.736893269,0.263106731,323.8184143,0.263106731
13.25,0.7330391379,0.2669608621,323.8712776,0.2669608621
13.5,0.7292267363,0.2707732637,323.9234722,0.2707732637
13.75,0.7254558057,0.2745441943,323.9750041,0.2745441943
14,0.7217260855,0.2782739145,324.0258791,0.2782739145
14.25,0.7180373122,0.2819626878,324.0761034,0.2819626878
14.5,0.7143892202,0.2856107798,324.1256827,0.2856107798
14.75,0.7107815416,0.2892184584,324.1746231,0.2892184584
15,0.7072140061,0.2927859939,324.2229305,0.2927859939
15.25,0.7036863414,0.2963136586,324.2706109,0.2963136586
15.5,0.7001982732,0.2998017268,324.3176701,0.2998017268
15.75,0.6967495253,0.3032504747,324.3641139,0.3032504747
16,0.6933398197,0.3066601803,324.4099485,0.3066601803
16.25,0.6899688767,0.3100311233,324.4551794,0.3100311233
16.5,0.6866364149,0.3133635851,324.4998127,0.3133635851
16.75,0.6833421513,0.3166578487,324.5438542,0.3166578487
17,0.6800858016,0.3199141984,324.5873097,0.3199141984
17.25,0.67686708,0.32313292,324.630185,0.32313292
17.5,0.6736856996,0.3263143004,324.6724858,0.3263143004
17.75,0.6705413722,0.3294586278,324.714218,0.3294586278
18,0.6674338086,0.3325661914,324.7553873,0.3325661914
18.25,0.6643627185,0.3356372815,324.7959994,0.3356372815
18.5,0.6613278107,0.3386721893,324.8360601,0.3386721893
18.75,0.6583287931,0.3416712069,324.8755749,0.3416712069
19,0.655365373,0.344634627,324.9145497,0.344634627
19.25,0.6524372571,0.3475627429,324.9529899,0.3475627429
19.5,0.6495441514,0.3504558486,324.9909013,0.3504558486
19.75,0.6466857613,0.3533142387,325.0282894,0.3533142387
20,0.6438617918,0.3561382082,325.0651598,0.3561382082
20.25,0.6410719477,0.3589280523,325.101518,0.3589280523
20.5,0.6383159335,0.3616840665,325.1373695,0.3616840665
20.75,0.6355934535,0.3644065465,325.1727199,0.3644065465
21,0.6329042119,0.3670957881,325.2075746,0.3670957881
21.25,0.6302479127,0.3697520873,325.241939,0.3697520873
21.5,0.6276242601,0.3723757399,325.2758185,0.3723757399
21.75,0.6250329584,0.3749670416,325.3092185,0.3749670416
22,0.6224737119,0.3775262881,325.3421444,0.3775262881
22.25,0.6199462255,0.3800537745,325.3746015,0.3800537745
22.5,0.6174502041,0.3825497959,325.4065949,0.3825497959
22.75,0.614985353,0.385014647,325.4381301,0.385014647
23,0.6125513779,0.3874486221,325.4692122,0.3874486221
23.25,0.6101479852,0.3898520148,325.4998465,0.3898520148
23.5,0.6077748817,0.3922251183,325.530038,0.3922251183
23.75,0.6054317749,0.3945682251,325.5597918,0.3945682251
24,0.603118373,0.396881627,325.5891132,0.396881627
24.25,0.6008343848,0.3991656152,325.6180072,0.3991656152
24.5,0.5985795198,0.4014204802,325.6464787,0.4014204802
24.75,0.5963534887,0.4036465113,325.6745327,0.4036465113
25,0.5941560029,0.4058439971,325.7021743,0.4058439971
25.25,0.5919867747,0.4080132253,325.7294084,0.4080132253
25.5,0.5898455176,0.4101544824,325.7562397,0.4101544824
25.75,0.5877319458,0.4122680542,325.7826733,0.4122680542
26,0.5856457748,0.4143542252,325.8087138,0.4143542252
26.25,0.5835867212,0.4164132788,325.8343661,0.4164132788
26.5,0.5815545028,0.4184454972,325.8596349,0.4184454972
26.75,0.5795488388,0.4204511612,325.8845249,0.4204511612
27,0.5775694494,0.4224305506,325.9090408,0.4224305506
27.25,0.5756160563,0.4243839437,325.9331873,0.4243839437
27.5,0.5736883822,0.4263116178,325.9569688,0.4263116178
27.75,0.5717861515,0.4282138485,325.98039,0.4282138485
28,0.5699090899,0.4300909101,326.0034554,0.4300909101
28.25,0.5680569248,0.4319430752,326.0261694,0.4319430752
28.5,0.5662293848,0.4337706152,326.0485366,0.4337706152
28.75,0.5644262001,0.4355737999,326.0705613,0.4355737999
29,0.5626471023,0.4373528977,326.0922479,0.4373528977
29.25,0.5608918247,0.4391081753,326.1136007,0.4391081753
29.5,0.5591601025,0.4408398975,326.134624,0.4408398975
29.75,0.557451672,0.442548328,326.155322,0.442548328
30,0.5557662716,0.4442337284,326.1756991,0.4442337284
30.25,0.5541036412,0.4458963588,326.1957593,0.4458963588
30.5,0.5524635222,0.4475364778,326.2155067,0.4475364778
30.75,0.5508456581,0.4491543419,326.2349456,0.4491543419
31,0.5492497939,0.4507502061,326.2540799,0.4507502061
31.25,0.5476756766,0.4523243234,326.2729137,0.4523243234
31.5,0.5461230547,0.4538769453,326.2914509,0.4538769453
31.75,0.5445916789,0.4554083211,326.3096955,0.4554083211
32,0.5430813012,0.4569186988,326.3276515,0.4569186988
32.25,0.5415916758,0.4584083242,326.3453226,0.4584083242
32.5,0.5401225588,0.4598774412,326.3627127,0.4598774412
32.75,0.5386737079,0.4613262921,326.3798256,0.4613262921
33,0.537244883,0.462755117,326.3966651,0.462755117
33.25,0.5358358456,0.4641641544,326.4132348,0.4641641544
33.5,0.5344463594,0.4655536406,326.4295385,0.4655536406
33.75,0.5330761895,0.4669238105,326.4455798,0.4669238105
34,0.5317251036,0.4682748964,326.4613622,0.4682748964
34.25,0.5303928709,0.4696071291,326.4768894,0.4696071291
34.5,0.5290792628,0.4709207372,326.4921648,0.4709207372
34.75,0.5277840523,0.4722159477,326.507192,0.4722159477
35,0.5265070148,0.4734929852,326.5219744,0.4734929852
35.25,0.5252479271,0.4747520729,326.5365155,0.4747520729
35.5,0.5240065684,0.4759934316,326.5508185,0.4759934316
35.75,0.5227827198,0.4772172802,326.5648869,0.4772172802
36,0.5215761644,0.4784238356,326.5787239,0.4784238356
36.25,0.5203866871,0.4796133129,326.5923328,0.4796133129
36.5,0.519214075,0.480785925,326.6057168,0.480785925
36.75,0.5180581168,0.4819418832,326.6188792,0.4819418832
37,0.5169186035,0.4830813965,326.6318231,0.4830813965
37.25,0.5157953281,0.4842046719,326.6445516,0.4842046719
37.5,0.5146880854,0.4853119146,326.6570677,0.4853119146
37.75,0.5135966724,0.4864033276,326.6693746,0.4864033276
38,0.5125208878,0.4874791122,326.6814753,0.4874791122
38.25,0.5114605323,0.4885394677,326.6933726,0.4885394677
38.5,0.5104154087,0.4895845913,326.7050697,0.4895845913
38.75,0.5093853217,0.4906146783,326.7165694,0.4906146783
39,0.5083700781,0.4916299219,326.7278745,0.4916299219
39.25,0.5073694865,0.4926305135,326.7389879,0.4926305135
39.5,0.5063833574,0.4936166426,326.7499124,0.4936166426
39.75,0.5054115033,0.4945884967,326.7606508,0.4945884967
40,0.5044537386,0.4955462614,326.7712059,0.4955462614
40.25,0.5035098798,0.4964901202,326.7815802,0.4964901202
40.5,0.5025797451,0.4974202549,326.7917766,0.4974202549
40.75,0.5016631547,0.4983368453,326.8017976,0.4983368453
41,0.5007599309,0.4992400691,326.8116459,0.4992400691
41.25,0.4998698976,0.5001301024,326.821324,0.5001301024
41.5,0.4989928807,0.5010071193,326.8308344,0.5010071193
41.75,0.4981287079,0.5018712921,326.8401798,0.5018712921
42,0.4972772088,0.5027227912,326.8493625,0.5027227912
42.25,0.4964382152,0.5035617848,326.858385,0.5035617848
42.5,0.4956115604,0.5043884396,326.8672498,0.5043884396
42.75,0.4947970796,0.5052029204,326.8759591,0.5052029204
43,0.4939946098,0.5060053902,326.8845155,0.5060053902
43.25,0.4932039898,0.5067960102,326.8929211,0.5067960102
43.5,0.4924250604,0.5075749396,326.9011784,0.5075749396
43.75,0.491657664,0.508342336,326.9092895,0.508342336
44,0.4909016449,0.5090983551,326.9172567,0.5090983551
44.25,0.4901568493,0.5098431507,326.9250822,0.5098431507
44.5,0.489423125,0.510576875,326.9327682,0.510576875
44.75,0.4887003213,0.5112996787,326.9403168,0.5112996787
45,0.4879882897,0.5120117103,326.9477302,0.5120117103
45.25,0.4872868832,0.5127131168,326.9550104,0.5127131168
45.5,0.4865959566,0.5134040434,326.9621596,0.5134040434
45.75,0.4859153664,0.5140846336,326.9691798,0.5140846336
46,0.4852449708,0.5147550292,326.9760729,0.5147550292
46.25,0.4845846295,0.5154153705,326.9828409,0.5154153705
46.5,0.4839342041,0.5160657959,326.9894859,0.5160657959
46.75,0.4832935576,0.5167064424,326.9960097,0.5167064424
47,0.4826625549,0.5173374451,327.0024143,0.5173374451
47.25,0.4820410625,0.5179589375,327.0087015,0.5179589375
47.5,0.4814289484,0.5185710516,327.0148732,0.5185710516
47.75,0.4808260822,0.5191739178,327.0209312,0.5191739178
48,0.4802323352,0.5197676648,327.0268773,0.5197676648
48.25,0.4796475802,0.5203524198,327.0327134,0.5203524198
48.5,0.4790716913,0.5209283087,327.038441,0.5209283087
48.75,0.4785045447,0.5214954553,327.0440621,0.5214954553
49,0.4779460178,0.5220539822,327.0495782,0.5220539822
49.25,0.4773959895,0.5226040105,327.0549911,0.5226040105
49.5,0.4768543404,0.5231456596,327.0603024,0.5231456596
49.75,0.4763209522,0.5236790478,327.0655138,0.5236790478
50,0.4757957085,0.5242042915,327.0706269,0.5242042915
50.25,0.4752784942,0.5247215058,327.0756432,0.5247215058
50.5,0.4747691955,0.5252308045,327.0805643,0.5252308045
50.75,0.4742677003,0.5257322997,327.0853919,0.5257322997
51,0.4737738979,0.5262261021,327.0901273,0.5262261021
51.25,0.4732876788,0.5267123212,327.0947721,0.5267123212
51.5,0.4728089351,0.5271910649,327.0993277,0.5271910649
51.75,0.47233756,0.52766244,327.1037958,0.52766244
52,0.4718734483,0.5281265517,327.1081775,0.5281265517
52.25,0.4714164962,0.5285835038,327.1124745,0.5285835038
52.5,0.4709666011,0.5290333989,327.1166881,0.5290333989
52.75,0.4705236619,0.5294763381,327.1208196,0.5294763381
53,0.4700875786,0.5299124214,327.1248704,0.5299124214
53.25,0.4696582526,0.5303417474,327.1288419,0.5303417474
53.5,0.4692355864,0.5307644136,327.1327353,0.5307644136
53.75,0.4688194841,0.5311805159,327.136552,0.5311805159
54,0.4684098509,0.5315901491,327.1402933,0.5315901491
54.25,0.4680065931,0.5319934069,327.1439603,0.5319934069
54.5,0.4676096187,0.5323903813,327.1475544,0.5323903813
54.75,0.4672188363,0.5327811637,327.1510768,0.5327811637
55,0.4668341562,0.5331658438,327.1545286,0.5331658438
55.25,0.4664554895,0.5335445105,327.1579111,0.5335445105
55.5,0.4660827487,0.5339172513,327.1612254,0.5339172513
55.75,0.4657158475,0.5342841525,327.1644727,0.5342841525
56,0.4653547006,0.5346452994,327.1676541,0.5346452994
56.25,0.464999224,0.535000776,327.1707708,0.535000776
56.5,0.4646493348,0.5353506652,327.1738238,0.5353506652
56.75,0.4643049512,0.5356950488,327.1768141,0.5356950488
57,0.4639659923,0.5360340077,327.179743,0.5360340077
57.25,0.4636323785,0.5363676215,327.1826114,0.5363676215
57.5,0.4633040311,0.5366959689,327.1854204,0.5366959689
57.75,0.4629808728,0.5370191272,327.188171,0.5370191272
58,0.4626628272,0.5373371728,327.1908642,0.5373371728
58.25,0.4623498187,0.5376501813,327.1935009,0.5376501813
58.5,0.4620417731,0.5379582269,327.1960823,0.5379582269
58.75,0.4617386168,0.5382613832,327.1986091,0.5382613832
59,0.4614402776,0.5385597224,327.2010824,0.5385597224
59.25,0.461146684,0.538853316,327.2035031,0.538853316
59.5,0.4608577655,0.5391422345,327.2058721,0.5391422345
59.75,0.4605734529,0.5394265471,327.2081904,0.5394265471
60,0.4602936777,0.5397063223,327.2104587,0.5397063223
60.25,0.4600183723,0.5399816277,327.212678,0.5399816277
60.5,0.4597474701,0.5402525299,327.2148492,0.5402525299
60.75,0.4594809055,0.5405190945,327.216973,0.5405190945
61,0.4592186135,0.5407813865,327.2190503,0.5407813865
61.25,0.4589605303,0.5410394697,327.221082,0.5410394697
61.5,0.458706593,0.541293407,327.2230689,0.541293407
61.75,0.4584567395,0.5415432605,327.2250117,0.5415432605
62,0.4582109085,0.5417890915,327.2269112,0.5417890915
62.25,0.4579690397,0.5420309603,327.2287682,0.5420309603
62.5,0.4577310735,0.5422689265,327.2305834,0.5422689265
62.75,0.4574969512,0.5425030488,327.2323577,0.5425030488
63,0.4572666149,0.5427333851,327.2340917,0.5427333851
63.25,0.4570400074,0.5429599926,327.2357862,0.5429599926
63.5,0.4568170725,0.5431829275,327.2374418,0.5431829275
63.75,0.4565977549,0.5434022451,327.2390594,0.5434022451
64,0.4563819998,0.5436180002,327.2406394,0.5436180002
64.25,0.4561697532,0.5438302468,327.2421828,0.5438302468
64.5,0.4559609621,0.5440390379,327.24369,0.5440390379
64.75,0.455755574,0.544244426,327.2451618,0.544244426
65,0.4555535371,0.5444464629,327.2465989,0.5444464629
65.25,0.4553548006,0.5446451994,327.2480017,0.5446451994
65.5,0.4551593143,0.5448406857,327.2493711,0.5448406857
65.75,0.4549670288,0.5450329712,327.2507076,0.5450329712
66,0.4547778952,0.5452221048,327.2520117,0.5452221048
66.25,0.4545918655,0.5454081345,327.2532842,0.5454081345
66.5,0.4544088922,0.5455911078,327.2545255,0.5455911078
66.75,0.4542289286,0.5457710714,327.2557363,0.5457710714
67,0.4540519287,0.5459480713,327.2569171,0.5459480713
67.25,0.453877847,0.546122153,327.2580685,0.546122153
67.5,0.4537066389,0.5462933611,327.2591911,0.5462933611
67.75,0.4535382602,0.5464617398,327.2602853,0.5464617398
68,0.4533726675,0.5466273325,327.2613517,0.5466273325
68.25,0.453209818,0.546790182,327.2623909,0.546790182
68.5,0.4530496694,0.5469503306,327.2634033,0.5469503306
68.75,0.4528921802,0.5471078198,327.2643895,0.5471078198
69,0.4527373093,0.5472626907,327.2653499,0.5472626907
69.25,0.4525850163,0.5474149837,327.2662851,0.5474149837
69.5,0.4524352613,0.5475647387,327.2671955,0.5475647387
69.75,0.4522880052,0.5477119948,327.2680815,0.5477119948
70,0.4521432093,0.5478567907,327.2689438,0.5478567907
70.25,0.4520008355,0.5479991645,327.2697826,0.5479991645
70.5,0.4518608462,0.5481391538,327.2705985,0.5481391538
70.75,0.4517232045,0.5482767955,327.271392,0.5482767955
71,0.4515878737,0.5484121263,327.2721633,0.5484121263
71.25,0.451454818,0.548545182,327.2729131,0.548545182
71.5,0.4513240019,0.5486759981,327.2736416,0.5486759981
71.75,0.4511953906,0.5488046094,327.2743494,0.5488046094
72,0.4510689498,0.5489310502,327.2750368,0.5489310502
72.25,0.4509446454,0.5490553546,327.2757042,0.5490553546
72.5,0.4508224443,0.5491775557,327.276352,0.5491775557
72.75,0.4507023134,0.5492976866,327.2769806,0.5492976866
73,0.4505842204,0.5494157796,327.2775903,0.5494157796
73.25,0.4504681333,0.5495318667,327.2781817,0.5495318667
73.5,0.4503540206,0.5496459794,327.2787549,0.5496459794
73.75,0.4502418514,0.5497581486,327.2793104,0.5497581486
74,0.4501315951,0.5498684049,327.2798486,0.5498684049
74.25,0.4500232217,0.5499767783,327.2803697,0.5499767783
74.5,0.4499167015,0.5500832985,327.2808742,0.5500832985
74.75,0.4498120053,0.5501879947,327.2813623,0.5501879947
75,0.4497091044,0.5502908956,327.2818345,0.5502908956
75.25,0.4496079705,0.5503920295,327.2822909,0.5503920295
75.5,0.4495085755,0.5504914245,327.282732,0.5504914245
75.75,0.4494108919,0.5505891081,327.2831581,0.5505891081
76,0.4493148927,0.5506851073,327.2835694,0.5506851073
76.25,0.4492205512,0.5507794488,327.2839663,0.5507794488
76.5,0.4491278411,0.5508721589,327.284349,0.5508721589
76.75,0.4490367366,0.5509632634,327.2847179,0.5509632634
77,0.4489472121,0.5510527879,327.2850733,0.5510527879
77.25,0.4488592424,0.5511407576,327.2854154,0.5511407576
77.5,0.4487728029,0.5512271971,327.2857445,0.5512271971
77.75,0.448687869,0.551312131,327.2860609,0.551312131
78,0.4486044168,0.5513955832,327.2863648,0.5513955832
78.25,0.4485224226,0.5514775774,327.2866566,0.5514775774
78.5,0.4484418632,0.5515581368,327.2869364,0.5515581368
78.75,0.4483627155,0.5516372845,327.2872046,0.5516372845
79,0.448284957,0.551715043,327.2874614,0.551715043
79.25,0.4482085655,0.5517914345,327.287707,0.5517914345
79.5,0.4481335189,0.5518664811,327.2879416,0.5518664811
79.75,0.4480597957,0.5519402043,327.2881656,0.5519402043
80,0.4479873746,0.5520126254,327.2883791,0.5520126254
80.25,0.4479162346,0.5520837654,327.2885823,0.5520837654
80.5,0.447846355,0.552153645,327.2887756,0.552153645
80.75,0.4477777156,0.5522222844,327.2889591,0.5522222844
81,0.4477102963,0.5522897037,327.289133,0.5522897037
81.25,0.4476440775,0.5523559225,327.2892975,0.5523559225
81.5,0.4475790398,0.5524209602,327.2894529,0.5524209602
81.75,0.4475151639,0.5524848361,327.2895994,0.5524848361
82,0.4474524311,0.5525475689,327.2897371,0.5525475689
82.25,0.4473908229,0.5526091771,327.2898663,0.5526091771
82.5,0.4473303208,0.5526696792,327.2899872,0.5526696792
82.75,0.4472709071,0.5527290929,327.2900998,0.5527290929
83,0.4472125638,0.5527874362,327.2902046,0.5527874362
83.25,0.4471552737,0.5528447263,327.2903015,0.5528447263
83.5,0.4470990195,0.5529009805,327.2903908,0.5529009805
83.75,0.4470437844,0.5529562156,327.2904727,0.5529562156
84,0.4469895517,0.5530104483,327.2905474,0.5530104483
84.25,0.446936305,0.553063695,327.290615,0.553063695
84.5,0.4468840282,0.5531159718,327.2906756,0.5531159718
84.75,0.4468327052,0.5531672948,327.2907295,0.5531672948
85,0.4467823206,0.5532176794,327.2907768,0.5532176794
85.25,0.4467328588,0.5532671412,327.2908177,0.5532671412
85.5,0.4466843047,0.5533156953,327.2908524,0.5533156953
85.75,0.4466366433,0.5533633567,327.2908809,0.5533633567
86,0.4465898599,0.5534101401,327.2909034,0.5534101401
86.25,0.4465439402,0.5534560598,327.2909201,0.5534560598
86.5,0.4464988698,0.5535011302,327.2909312,0.5535011302
86.75,0.4464546346,0.5535453654,327.2909367,0.5535453654
87,0.4464112208,0.5535887792,327.2909368,0.5535887792
87.25,0.4463686148,0.5536313852,327.2909316,0.5536313852
87.5,0.4463268032,0.5536731968,327.2909213,0.5536731968
87.75,0.4462857728,0.5537142272,327.290906,0.5537142272
88,0.4462455106,0.5537544894,327.2908859,0.5537544894
88.25,0.4462060037,0.5537939963,327.290861,0.5537939963
88.5,0.4461672398,0.5538327602,327.2908315,0.5538327602
88.75,0.4461292063,0.5538707937,327.2907975,0.5538707937
89,0.446091891,0.553908109,327.2907591,0.553908109
89.25,0.446055282,0.553944718,327.2907165,0.553944718
89.5,0.4460193674,0.5539806326,327.2906697,0.5539806326
89.75,0.4459841355,0.5540158645,327.2906189,0.5540158645
90,0.445949575,0.554050425,327.2905642,0.554050425
90.25,0.4459156744,0.5540843256,327.2905057,0.5540843256
90.5,0.4458824227,0.5541175773,327.2904434,0.5541175773
90.75,0.4458498089,0.5541501911,327.2903776,0.5541501911
91,0.4458178224,0.5541821776,327.2903083,0.5541821776
91.25,0.4457864526,0.5542135474,327.2902355,0.5542135474
91.5,0.4457556889,0.5542443111,327.2901595,0.5542443111
91.75,0.4457255212,0.5542744788,327.2900802,0.5542744788
92,0.4456959394,0.5543040606,327.2899979,0.5543040606
92.25,0.4456669334,0.5543330666,327.2899125,0.5543330666
92.5,0.4456384936,0.5543615064,327.2898242,0.5543615064
92.75,0.4456106102,0.5543893898,327.289733,0.5543893898
93,0.4455832738,0.5544167262,327.2896391,0.5544167262
93.25,0.4455564751,0.5544435249,327.2895426,0.5544435249
93.5,0.4455302048,0.5544697952,327.2894434,0.5544697952
93.75,0.4455044539,0.5544955461,327.2893417,0.5544955461
94,0.4454792137,0.5545207863,327.2892377,0.5545207863
94.25,0.4454544753,0.5545455247,327.2891312,0.5545455247
94.5,0.44543023,0.55456977,327.2890225,0.55456977
94.75,0.4454064695,0.5545935305,327.2889117,0.5545935305
95,0.4453831853,0.5546168147,327.2887987,0.5546168147
95.25,0.4453603692,0.5546396308,327.2886836,0.5546396308
95.5,0.4453380132,0.5546619868,327.2885666,0.5546619868
95.75,0.4453161093,0.5546838907,327.2884477,0.5546838907
96,0.4452946497,0.5547053503,327.2883269,0.5547053503
96.25,0.4452736266,0.5547263734,327.2882043,0.5547263734
96.5,0.4452530325,0.5547469675,327.2880801,0.5547469675
96.75,0.4452328599,0.5547671401,327.2879542,0.5547671401
97,0.4452131016,0.5547868984,327.2878267,0.5547868984
97.25,0.4451937503,0.5548062497,327.2876978,0.5548062497
97.5,0.4451747989,0.5548252011,327.2875673,0.5548252011
97.75,0.4451562403,0.5548437597,327.2874355,0.5548437597
98,0.4451380677,0.5548619323,327.2873023,0.5548619323
98.25,0.4451202744,0.5548797256,327.2871678,0.5548797256
98.5,0.4451028536,0.5548971464,327.2870321,0.5548971464
98.75,0.4450857987,0.5549142013,327.2868952,0.5549142013
99,0.4450691035,0.5549308965,327.2867572,0.5549308965
99.25,0.4450527614,0.5549472386,327.2866181,0.5549472386
99.5,0.4450367663,0.5549632337,327.2864779,0.5549632337
99.75,0.4450211121,0.5549788879,327.2863368,0.5549788879
100,0.4450057927,0.5549942073,327.2861948,0.5549942073
100.25,0.4449908021,0.5550091979,327.2860519,0.5550091979
100.5,0.4449761345,0.5550238655,327.2859082,0.5550238655
100.75,0.4449617842,0.5550382158,327.2857636,0.5550382158
101,0.4449477454,0.5550522546,327.2856183,0.5550522546
101.25,0.4449340127,0.5550659873,327.2854724,0.5550659873
101.5,0.4449205804,0.5550794196,327.2853257,0.5550794196
101.75,0.4449074433,0.5550925567,327.2851784,0.5550925567
102,0.444894596,0.555105404,327.2850306,0.555105404
102.25,0.4448820333,0.5551179667,327.2848822,0.5551179667
102.5,0.4448697501,0.5551302499,327.2847333,0.5551302499
102.75,0.4448577414,0.5551422586,327.2845839,0.5551422586
103,0.4448460021,0.5551539979,327.2844341,0.5551539979
103.25,0.4448345275,0.5551654725,327.284284,0.5551654725
103.5,0.4448233127,0.5551766873,327.2841334,0.5551766873
103.75,0.4448123529,0.5551876471,327.2839825,0.5551876471
104,0.4448016436,0.5551983564,327.2838314,0.5551983564
104.25,0.44479118,0.55520882,327.28368,0.55520882
104.5,0.4447809579,0.5552190421,327.2835283,0.5552190421
104.75,0.4447709726,0.5552290274,327.2833765,0.5552290274
105,0.4447612199,0.5552387801,327.2832245,0.5552387801
105.25,0.4447516955,0.5552483045,327.2830723,0.5552483045
105.5,0.4447423952,0.5552576048,327.28292,0.5552576048
105.75,0.4447333149,0.5552666851,327.2827677,0.5552666851
106,0.4447244505,0.5552755495,327.2826153,0.5552755495
106.25,0.444715798,0.555284202,327.2824629,0.555284202
106.5,0.4447073534,0.5552926466,327.2823104,0.5552926466
106.75,0.444699113,0.555300887,327.282158,0.555300887
107,0.4446910728,0.5553089272,327.2820057,0.5553089272
107.25,0.4446832291,0.5553167709,327.2818534,0.5553167709
107.5,0.4446755783,0.5553244217,327.2817012,0.5553244217
107.75,0.4446681167,0.5553318833,327.2815491,0.5553318833
108,0.4446608408,0.5553391592,327.2813972,0.5553391592
108.25,0.444653747,0.555346253,327.2812454,0.555346253
108.5,0.444646832,0.555353168,327.2810938,0.555353168
108.75,0.4446400923,0.5553599077,327.2809424,0.5553599077
109,0.4446335247,0.5553664753,327.2807913,0.5553664753
109.25,0.4446271259,0.5553728741,327.2806404,0.5553728741
109.5,0.4446208926,0.5553791074,327.2804897,0.5553791074
109.75,0.4446148217,0.5553851783,327.2803393,0.5553851783
110,0.4446089101,0.5553910899,327.2801892,0.5553910899
110.25,0.4446031547,0.5553968453,327.2800395,0.5553968453
110.5,0.4445975525,0.5554024475,327.27989,0.5554024475
110.75,0.4445921006,0.5554078994,327.2797409,0.5554078994
111,0.444586796,0.555413204,327.2795922,0.555413204
111.25,0.4445816359,0.5554183641,327.2794438,0.5554183641
111.5,0.4445766175,0.5554233825,327.2792959,0.5554233825
111.75,0.444571738,0.555428262,327.2791483,0.555428262
112,0.4445669947,0.5554330053,327.2790012,0.5554330053
112.25,0.4445623851,0.5554376149,327.2788545,0.5554376149
112.5,0.4445579064,0.5554420936,327.2787083,0.5554420936
112.75,0.4445535561,0.5554464439,327.2785625,0.5554464439
113,0.4445493316,0.5554506684,327.2784172,0.5554506684
113.25,0.4445452304,0.5554547696,327.2782724,0.5554547696
113.5,0.4445412502,0.5554587498,327.278128,0.5554587498
113.75,0.4445373885,0.5554626115,327.2779842,0.5554626115
114,0.4445336429,0.5554663571,327.2778409,0.5554663571
114.25,0.4445300111,0.5554699889,327.2776982,0.5554699889
114.5,0.4445264908,0.5554735092,327.2775559,0.5554735092
114.75,0.4445230798,0.5554769202,327.2774143,0.5554769202
115,0.4445197759,0.5554802241,327.2772731,0.5554802241
115.25,0.4445165769,0.5554834231,327.2771326,0.5554834231
115.5,0.4445134808,0.5554865192,327.2769926,0.5554865192
115.75,0.4445104853,0.5554895147,327.2768532,0.5554895147
116,0.4445075886,0.5554924114,327.2767144,0.5554924114
116.25,0.4445047884,0.5554952116,327.2765763,0.5554952116
116.5,0.444502083,0.555497917,327.2764387,0.555497917
116.75,0.4444994702,0.5555005298,327.2763017,0.5555005298
117,0.4444969482,0.5555030518,327.2761654,0.5555030518
117.25,0.4444945151,0.5555054849,327.2760297,0.5555054849
117.5,0.4444921691,0.5555078309,327.2758946,0.5555078309
117.75,0.4444899083,0.5555100917,327.2757602,0.5555100917
118,0.4444877309,0.5555122691,327.2756264,0.5555122691
118.25,0.4444856353,0.5555143647,327.2754933,0.5555143647
118.5,0.4444836196,0.5555163804,327.2753608,0.5555163804
118.75,0.4444816822,0.5555183178,327.275229,0.5555183178
119,0.4444798214,0.5555201786,327.2750979,0.5555201786
119.25,0.4444780357,0.5555219643,327.2749674,0.5555219643
119.5,0.4444763234,0.5555236766,327.2748376,0.5555236766
119.75,0.4444746828,0.5555253172,327.2747085,0.5555253172
120,0.4444731126,0.5555268874,327.2745801,0.5555268874
120.25,0.4444716112,0.5555283888,327.2744524,0.5555283888
120.5,0.4444701769,0.5555298231,327.2743254,0.5555298231
120.75,0.4444688085,0.5555311915,327.2741991,0.5555311915
121,0.4444675045,0.5555324955,327.2740735,0.5555324955
121.25,0.4444662633,0.5555337367,327.2739486,0.5555337367
121.5,0.4444650837,0.5555349163,327.2738243,0.5555349163
121.75,0.4444639643,0.5555360357,327.2737009,0.5555360357
122,0.4444629037,0.5555370963,327.2735781,0.5555370963
122.25,0.4444619007,0.5555380993,327.273456,0.5555380993
122.5,0.4444609539,0.5555390461,327.2733346,0.5555390461
122.75,0.4444600622,0.5555399378,327.273214,0.5555399378
123,0.4444592241,0.5555407759,327.2730941,0.5555407759
123.25,0.4444584386,0.5555415614,327.2729749,0.5555415614
123.5,0.4444577044,0.5555422956,327.2728564,0.5555422956
123.75,0.4444570204,0.5555429796,327.2727387,0.5555429796
124,0.4444563854,0.5555436146,327.2726217,0.5555436146
124.25,0.4444557982,0.5555442018,327.2725054,0.5555442018
124.5,0.4444552577,0.5555447423,327.2723898,0.5555447423
124.75,0.4444547629,0.5555452371,327.272275,0.5555452371
125,0.4444543126,0.5555456874,327.2721609,0.5555456874
125.25,0.4444539058,0.5555460942,327.2720475,0.5555460942
125.5,0.4444535415,0.5555464585,327.2719348,0.5555464585
125.75,0.4444532187,0.5555467813,327.2718229,0.5555467813
126,0.4444529363,0.5555470637,327.2717117,0.5555470637
126.25,0.4444526935,0.5555473065,327.2716012,0.5555473065
126.5,0.4444524891,0.5555475109,327.2714915,0.5555475109
126.75,0.4444523224,0.5555476776,327.2713825,0.5555476776
127,0.4444521924,0.5555478076,327.2712742,0.5555478076
127.25,0.4444520981,0.5555479019,327.2711667,0.5555479019
127.5,0.4444520387,0.5555479613,327.2710598,0.5555479613
127.75,0.4444520133,0.5555479867,327.2709538,0.5555479867
128,0.4444520211,0.5555479789,327.2708484,0.5555479789
128.25,0.4444520612,0.5555479388,327.2707437,0.5555479388
128.5,0.4444521327,0.5555478673,327.2706398,0.5555478673
128.75,0.4444522349,0.5555477651,327.2705366,0.5555477651
129,0.444452367,0.555547633,327.2704341,0.555547633
129.25,0.4444525281,0.5555474719,327.2703324,0.5555474719
129.5,0.4444527176,0.5555472824,327.2702313,0.5555472824
129.75,0.4444529347,0.5555470653,327.270131,0.5555470653
130,0.4444531787,0.5555468213,327.2700314,0.5555468213
130.25,0.4444534487,0.5555465513,327.2699325,0.5555465513
130.5,0.4444537443,0.5555462557,327.2698343,0.5555462557
130.75,0.4444540645,0.5555459355,327.2697368,0.5555459355
131,0.4444544089,0.5555455911,327.26964,0.5555455911
131.25,0.4444547766,0.5555452234,327.269544,0.5555452234
131.5,0.4444551671,0.5555448329,327.2694486,0.5555448329
131.75,0.4444555797,0.5555444203,327.269354,0.5555444203
132,0.4444560138,0.5555439862,327.26926,0.5555439862
132.25,0.4444564687,0.5555435313,327.2691667,0.5555435313
132.5,0.4444569439,0.5555430561,327.2690742,0.5555430561
132.75,0.4444574388,0.5555425612,327.2689823,0.5555425612
133,0.4444579527,0.5555420473,327.2688911,0.5555420473
133.25,0.4444584852,0.5555415148,327.2688006,0.5555415148
133.5,0.4444590356,0.5555409644,327.2687108,0.5555409644
133.75,0.4444596034,0.5555403966,327.2686217,0.5555403966
134,0.4444601881,0.5555398119,327.2685332,0.5555398119
134.25,0.4444607892,0.5555392108,327.2684455,0.5555392108
134.5,0.4444614061,0.5555385939,327.2683584,0.5555385939
134.75,0.4444620383,0.5555379617,327.268272,0.5555379617
135,0.4444626855,0.5555373145,327.2681862,0.5555373145
135.25,0.444463347,0.555536653,327.2681011,0.555536653
135.5,0.4444640224,0.5555359776,327.2680167,0.5555359776
135.75,0.4444647113,0.5555352887,327.267933,0.5555352887
136,0.4444654131,0.5555345869,327.2678499,0.5555345869
136.25,0.4444661275,0.5555338725,327.2677674,0.5555338725
136.5,0.444466854,0.555533146,327.2676856,0.555533146
136.75,0.4444675921,0.5555324079,327.2676045,0.5555324079
137,0.4444683415,0.5555316585,327.267524,0.5555316585
137.25,0.4444691018,0.5555308982,327.2674441,0.5555308982
137.5,0.4444698725,0.5555301275,327.2673649,0.5555301275
137.75,0.4444706533,0.5555293467,327.2672864,0.5555293467
138,0.4444714437,0.5555285563,327.2672084,0.5555285563
138.25,0.4444722434,0.5555277566,327.2671311,0.5555277566
138.5,0.444473052,0.555526948,327.2670544,0.555526948
138.75,0.4444738693,0.5555261307,327.2669784,0.5555261307
139,0.4444746947,0.5555253053,327.2669029,0.5555253053
139.25,0.4444755281,0.5555244719,327.2668281,0.5555244719
139.5,0.444476369,0.555523631,327.2667539,0.555523631
139.75,0.4444772171,0.5555227829,327.2666803,0.5555227829
140,0.4444780721,0.5555219279,327.2666073,0.5555219279
140.25,0.4444789337,0.5555210663,327.266535,0.5555210663
140.5,0.4444798016,0.5555201984,327.2664632,0.5555201984
140.75,0.4444806754,0.5555193246,327.266392,0.5555193246
141,0.4444815549,0.5555184451,327.2663214,0.5555184451
141.25,0.4444824398,0.5555175602,327.2662514,0.5555175602
141.5,0.4444833298,0.5555166702,327.266182,0.5555166702
141.75,0.4444842246,0.5555157754,327.2661132,0.5555157754
142,0.4444851239,0.5555148761,327.2660449,0.5555148761
142.25,0.4444860275,0.5555139725,327.2659773,0.5555139725
142.5,0.4444869352,0.5555130648,327.2659102,0.5555130648
142.75,0.4444878466,0.5555121534,327.2658436,0.5555121534
143,0.4444887616,0.5555112384,327.2657777,0.5555112384
143.25,0.4444896799,0.5555103201,327.2657123,0.5555103201
143.5,0.4444906012,0.5555093988,327.2656475,0.5555093988
143.75,0.4444915254,0.5555084746,327.2655832,0.5555084746
144,0.4444924521,0.5555075479,327.2655195,0.5555075479
144.25,0.4444933813,0.5555066187,327.2654563,0.5555066187
144.5,0.4444943127,0.5555056873,327.2653937,0.5555056873
144.75,0.444495246,0.555504754,327.2653316,0.555504754
145,0.4444961811,0.5555038189,327.26527,0.5555038189
145.25,0.4444971178,0.5555028822,327.265209,0.5555028822
145.5,0.4444980558,0.5555019442,327.2651486,0.5555019442
145.75,0.444498995,0.555501005,327.2650886,0.555501005
146,0.4444999353,0.5555000647,327.2650292,0.5555000647
146.25,0.4445008763,0.5554991237,327.2649703,0.5554991237
146.5,0.444501818,0.555498182,327.2649119,0.555498182
146.75,0.4445027601,0.5554972399,327.264854,0.5554972399
147,0.4445037025,0.5554962975,327.2647967,0.5554962975
147.25,0.4445046451,0.5554953549,327.2647398,0.5554953549
147.5,0.4445055876,0.5554944124,327.2646835,0.5554944124
147.75,0.44450653,0.55549347,327.2646276,0.55549347
148,0.444507472,0.555492528,327.2645723,0.555492528
148.25,0.4445084135,0.5554915865,327.2645174,0.5554915865
148.5,0.4445093545,0.5554906455,327.2644631,0.5554906455
148.75,0.4445102947,0.5554897053,327.2644092,0.5554897053
149,0.444511234,0.555488766,327.2643558,0.555488766
149.25,0.4445121723,0.5554878277,327.2643029,0.5554878277
149.5,0.4445131094,0.5554868906,327.2642505,0.5554868906
149.75,0.4445140453,0.5554859547,327.2641985,0.5554859547
150,0.4445149798,0.5554850202,327.264147,0.5554850202
150.25,0.4445159127,0.5554840873,327.264096,0.5554840873
150.5,0.444516844,0.555483156,327.2640454,0.555483156
150.75,0.4445177736,0.5554822264,327.2639953,0.5554822264
151,0.4445187013,0.5554812987,327.2639457,0.5554812987
151.25,0.4445196271,0.5554803729,327.2638965,0.5554803729
151.5,0.4445205508,0.5554794492,327.2638477,0.5554794492
151.75,0.4445214723,0.5554785277,327.2637994,0.5554785277
152,0.4445223916,0.5554776084,327.2637516,0.5554776084
152.25,0.4445233085,0.5554766915,327.2637042,0.5554766915
152.5,0.4445242229,0.5554757771,327.2636572,0.5554757771
152.75,0.4445251348,0.5554748652,327.2636107,0.5554748652
153,0.4445260441,0.5554739559,327.2635645,0.5554739559
153.25,0.4445269507,0.5554730493,327.2635188,0.5554730493
153.5,0.4445278544,0.5554721456,327.2634736,0.5554721456
153.75,0.4445287554,0.5554712446,327.2634287,0.5554712446
154,0.4445296533,0.5554703467,327.2633843,0.5554703467
154.25,0.4445305483,0.5554694517,327.2633403,0.5554694517
154.5,0.4445314402,0.5554685598,327.2632967,0.5554685598
154.75,0.444532329,0.555467671,327.2632535,0.555467671
155,0.4445332145,0.5554667855,327.2632107,0.5554667855
155.25,0.4445340967,0.5554659033,327.2631683,0.5554659033
155.5,0.4445349756,0.5554650244,327.2631263,0.5554650244
155.75,0.4445358511,0.5554641489,327.2630847,0.5554641489
156,0.4445367231,0.5554632769,327.2630435,0.5554632769
156.25,0.4445375916,0.5554624084,327.2630027,0.5554624084
156.5,0.4445384566,0.5554615434,327.2629623,0.5554615434
156.75,0.4445393179,0.5554606821,327.2629222,0.5554606821
157,0.4445401755,0.5554598245,327.2628825,0.5554598245
157.25,0.4445410293,0.5554589707,327.2628432,0.5554589707
157.5,0.4445418794,0.5554581206,327.2628043,0.5554581206
157.75,0.4445427257,0.5554572743,327.2627658,0.5554572743
158,0.4445435681,0.5554564319,327.2627276,0.5554564319
158.25,0.4445444066,0.5554555934,327.2626898,0.5554555934
158.5,0.4445452412,0.5554547588,327.2626523,0.5554547588
158.75,0.4445460717,0.5554539283,327.2626152,0.5554539283
159,0.4445468983,0.5554531017,327.2625784,0.5554531017
159.25,0.4445477208,0.5554522792,327.262542,0.5554522792
159.5,0.4445485392,0.5554514608,327.262506,0.5554514608
159.75,0.4445493535,0.5554506465,327.2624703,0.5554506465
160,0.4445501637,0.5554498363,327.2624349,0.5554498363
160.25,0.4445509697,0.5554490303,327.2623999,0.5554490303
160.5,0.4445517715,0.5554482285,327.2623653,0.5554482285
160.75,0.4445525691,0.5554474309,327.2623309,0.5554474309
161,0.4445533624,0.5554466376,327.2622969,0.5554466376
161.25,0.4445541515,0.5554458485,327.2622632,0.5554458485
161.5,0.4445549362,0.5554450638,327.2622299,0.5554450638
161.75,0.4445557167,0.5554442833,327.2621968,0.5554442833
162,0.4445564928,0.5554435072,327.2621641,0.5554435072
162.25,0.4445572645,0.5554427355,327.2621317,0.5554427355
162.5,0.4445580319,0.5554419681,327.2620997,0.5554419681
162.75,0.4445587949,0.5554412051,327.2620679,0.5554412051
163,0.4445595535,0.5554404465,327.2620364,0.5554404465
163.25,0.4445603076,0.5554396924,327.2620053,0.5554396924
163.5,0.4445610573,0.5554389427,327.2619745,0.5554389427
163.75,0.4445618026,0.5554381974,327.2619439,0.5554381974
164,0.4445625434,0.5554374566,327.2619137,0.5554374566
164.25,0.4445632798,0.5554367202,327.2618837,0.5554367202
164.5,0.4445640116,0.5554359884,327.2618541,0.5554359884
164.75,0.444564739,0.555435261,327.2618247,0.555435261
165,0.4445654619,0.5554345381,327.2617957,0.5554345381
165.25,0.4445661804,0.5554338196,327.2617669,0.5554338196
165.5,0.4445668943,0.5554331057,327.2617384,0.5554331057
165.75,0.4445676038,0.5554323962,327.2617102,0.5554323962
166,0.4445683087,0.5554316913,327.2616823,0.5554316913
166.25,0.4445690091,0.5554309909,327.2616546,0.5554309909
166.5,0.4445697051,0.5554302949,327.2616272,0.5554302949
166.75,0.4445703965,0.5554296035,327.2616001,0.5554296035
167,0.4445710834,0.5554289166,327.2615733,0.5554289166
167.25,0.4445717659,0.5554282341,327.2615467,0.5554282341
167.5,0.4445724438,0.5554275562,327.2615204,0.5554275562
167.75,0.4445731172,0.5554268828,327.2614944,0.5554268828
168,0.4445737861,0.5554262139,327.2614686,0.5554262139
168.25,0.4445744506,0.5554255494,327.2614431,0.5554255494
168.5,0.4445751105,0.5554248895,327.2614178,0.5554248895
168.75,0.444575766,0.555424234,327.2613928,0.555424234
169,0.4445764169,0.5554235831,327.261368,0.5554235831
169.25,0.4445770634,0.5554229366,327.2613435,0.5554229366
169.5,0.4445777054,0.5554222946,327.2613192,0.5554222946
169.75,0.444578343,0.555421657,327.2612952,0.555421657
170,0.4445789761,0.5554210239,327.2612714,0.5554210239
170.25,0.4445796047,0.5554203953,327.2612479,0.5554203953
170.5,0.4445802289,0.5554197711,327.2612246,0.5554197711
170.75,0.4445808486,0.5554191514,327.2612015,0.5554191514
171,0.444581464,0.555418536,327.2611787,0.555418536
171.25,0.4445820749,0.5554179251,327.2611561,0.5554179251
171.5,0.4445826815,0.5554173185,327.2611337,0.5554173185
171.75,0.4445832836,0.5554167164,327.2611115,0.5554167164
172,0.4445838814,0.5554161186,327.2610896,0.5554161186
172.25,0.4445844749,0.5554155251,327.2610679,0.5554155251
172.5,0.444585064,0.555414936,327.2610464,0.555414936
172.75,0.4445856487,0.5554143513,327.2610252,0.5554143513
173,0.4445862291,0.5554137709,327.2610041,0.5554137709
173.25,0.4445868053,0.5554131947,327.2609833,0.5554131947
173.5,0.4445873771,0.5554126229,327.2609627,0.5554126229
173.75,0.4445879447,0.5554120553,327.2609423,0.5554120553
174,0.4445885079,0.5554114921,327.2609221,0.5554114921
174.25,0.444589067,0.555410933,327.2609021,0.555410933
174.5,0.4445896218,0.5554103782,327.2608823,0.5554103782
174.75,0.4445901724,0.5554098276,327.2608627,0.5554098276
175,0.4445907188,0.5554092812,327.2608433,0.5554092812
175.25,0.444591261,0.555408739,327.2608241,0.555408739
175.5,0.444591799,0.555408201,327.2608052,0.555408201
175.75,0.4445923328,0.5554076672,327.2607864,0.5554076672
176,0.4445928626,0.5554071374,327.2607678,0.5554071374
176.25,0.4445933882,0.5554066118,327.2607494,0.5554066118
176.5,0.4445939097,0.5554060903,327.2607311,0.5554060903
176.75,0.4445944271,0.5554055729,327.2607131,0.5554055729
177,0.4445949404,0.5554050596,327.2606953,0.5554050596
177.25,0.4445954497,0.5554045503,327.2606776,0.5554045503
177.5,0.4445959549,0.5554040451,327.2606601,0.5554040451
177.75,0.4445964561,0.5554035439,327.2606429,0.5554035439
178,0.4445969534,0.5554030466,327.2606257,0.5554030466
178.25,0.4445974467,0.5554025533,327.2606088,0.5554025533
178.5,0.444597936,0.555402064,327.260592,0.555402064
178.75,0.4445984213,0.5554015787,327.2605755,0.5554015787
179,0.4445989028,0.5554010972,327.260559,0.5554010972
179.25,0.4445993804,0.5554006196,327.2605428,0.5554006196
179.5,0.4445998541,0.5554001459,327.2605267,0.5554001459
179.75,0.4446003239,0.5553996761,327.2605108,0.5553996761
180,0.4446007899,0.5553992101,327.2604951,0.5553992101
180.25,0.4446012521,0.5553987479,327.2604795,0.5553987479
180.5,0.4446017106,0.5553982894,327.2604641,0.5553982894
180.75,0.4446021652,0.5553978348,327.2604488,0.5553978348
181,0.4446026161,0.5553973839,327.2604338,0.5553973839
181.25,0.4446030632,0.5553969368,327.2604188,0.5553969368
181.5,0.4446035066,0.5553964934,327.260404,0.5553964934
181.75,0.4446039464,0.5553960536,327.2603894,0.5553960536
182,0.4446043825,0.5553956175,327.260375,0.5553956175
182.25,0.4446048149,0.5553951851,327.2603606,0.5553951851
182.5,0.4446052437,0.5553947563,327.2603465,0.5553947563
182.75,0.4446056689,0.5553943311,327.2603325,0.5553943311
183,0.4446060905,0.5553939095,327.2603186,0.5553939095
183.25,0.4446065085,0.5553934915,327.2603049,0.5553934915
183.5,0.444606923,0.555393077,327.2602913,0.555393077
183.75,0.4446073339,0.5553926661,327.2602778,0.5553926661
184,0.4446077414,0.5553922586,327.2602646,0.5553922586
184.25,0.4446081453,0.5553918547,327.2602514,0.5553918547
184.5,0.4446085458,0.5553914542,327.2602384,0.5553914542
184.75,0.4446089429,0.5553910571,327.2602255,0.5553910571
185,0.4446093365,0.5553906635,327.2602128,0.5553906635
185.25,0.4446097268,0.5553902732,327.2602002,0.5553902732
185.5,0.4446101136,0.5553898864,327.2601877,0.5553898864
185.75,0.4446104971,0.5553895029,327.2601754,0.5553895029
186,0.4446108773,0.5553891227,327.2601632,0.5553891227
186.25,0.4446112542,0.5553887458,327.2601511,0.5553887458
186.5,0.4446116278,0.5553883722,327.2601391,0.5553883722
186.75,0.4446119981,0.5553880019,327.2601273,0.5553880019
187,0.4446123652,0.5553876348,327.2601156,0.5553876348
187.25,0.4446127291,0.5553872709,327.260104,0.5553872709
187.5,0.4446130898,0.5553869102,327.2600926,0.5553869102
187.75,0.4446134473,0.5553865527,327.2600813,0.5553865527
188,0.4446138016,0.5553861984,327.2600701,0.5553861984
188.25,0.4446141528,0.5553858472,327.260059,0.5553858472
188.5,0.4446145009,0.5553854991,327.260048,0.5553854991
188.75,0.4446148459,0.5553851541,327.2600372,0.5553851541
189,0.4446151878,0.5553848122,327.2600264,0.5553848122
189.25,0.4446155267,0.5553844733,327.2600158,0.5553844733
189.5,0.4446158625,0.5553841375,327.2600053,0.5553841375
189.75,0.4446161954,0.5553838046,327.2599949,0.5553838046
190,0.4446165252,0.5553834748,327.2599847,0.5553834748
190.25,0.4446168521,0.5553831479,327.2599745,0.5553831479
190.5,0.444617176,0.555382824,327.2599644,0.555382824
190.75,0.4446174971,0.5553825029,327.2599545,0.5553825029
191,0.4446178152,0.5553821848,327.2599446,0.5553821848
191.25,0.4446181304,0.5553818696,327.2599349,0.5553818696
191.5,0.4446184428,0.5553815572,327.2599253,0.5553815572
191.75,0.4446187523,0.5553812477,327.2599157,0.5553812477
192,0.444619059,0.555380941,327.2599063,0.555380941
192.25,0.4446193629,0.5553806371,327.259897,0.5553806371
192.5,0.444619664,0.555380336,327.2598878,0.555380336
192.75,0.4446199624,0.5553800376,327.2598786,0.5553800376
193,0.444620258,0.555379742,327.2598696,0.555379742
193.25,0.4446205509,0.5553794491,327.2598607,0.5553794491
193.5,0.4446208411,0.5553791589,327.2598519,0.5553791589
193.75,0.4446211286,0.5553788714,327.2598431,0.5553788714
194,0.4446214135,0.5553785865,327.2598345,0.5553785865
194.25,0.4446216958,0.5553783042,327.2598259,0.5553783042
194.5,0.4446219754,0.5553780246,327.2598175,0.5553780246
194.75,0.4446222524,0.5553777476,327.2598091,0.5553777476
195,0.4446225269,0.5553774731,327.2598008,0.5553774731
195.25,0.4446227988,0.5553772012,327.2597927,0.5553772012
195.5,0.4446230681,0.5553769319,327.2597846,0.5553769319
195.75,0.444623335,0.555376665,327.2597766,0.555376665
196,0.4446235993,0.5553764007,327.2597687,0.5553764007
196.25,0.4446238612,0.5553761388,327.2597608,0.5553761388
196.5,0.4446241207,0.5553758793,327.2597531,0.5553758793
196.75,0.4446243777,0.5553756223,327.2597454,0.5553756223
197,0.4446246322,0.5553753678,327.2597378,0.5553753678
197.25,0.4446248844,0.5553751156,327.2597304,0.5553751156
197.5,0.4446251342,0.5553748658,327.2597229,0.5553748658
197.75,0.4446253817,0.5553746183,327.2597156,0.5553746183
198,0.4446256268,0.5553743732,327.2597084,0.5553743732
198.25,0.4446258695,0.5553741305,327.2597012,0.5553741305
198.5,0.44462611,0.55537389,327.2596941,0.55537389
198.75,0.4446263482,0.5553736518,327.2596871,0.5553736518
199,0.4446265841,0.5553734159,327.2596801,0.5553734159
199.25,0.4446268178,0.5553731822,327.2596733,0.5553731822
199.5,0.4446270492,0.5553729508,327.2596665,0.5553729508
199.75,0.4446272785,0.5553727215,327.2596598,0.5553727215
200,0.4446275055,0.5553724945,327.2596531,0.5553724945
200.25,0.4446277304,0.5553722696,327.2596466,0.5553722696
200.5,0.4446279531,0.5553720469,327.2596401,0.5553720469
200.75,0.4446281736,0.5553718264,327.2596337,0.5553718264
201,0.4446283921,0.5553716079,327.2596273,0.5553716079
201.25,0.4446286084,0.5553713916,327.259621,0.5553713916
201.5,0.4446288226,0.5553711774,327.2596148,0.5553711774
201.75,0.4446290348,0.5553709652,327.2596087,0.5553709652
202,0.4446292449,0.5553707551,327.2596026,0.5553707551
202.25,0.444629453,0.555370547,327.2595966,0.555370547
202.5,0.4446296591,0.5553703409,327.2595907,0.5553703409
202.75,0.4446298631,0.5553701369,327.2595848,0.5553701369
203,0.4446300652,0.5553699348,327.259579,0.5553699348
203.25,0.4446302653,0.5553697347,327.2595732,0.5553697347
203.5,0.4446304634,0.5553695366,327.2595675,0.5553695366
203.75,0.4446306596,0.5553693404,327.2595619,0.5553693404
204,0.4446308539,0.5553691461,327.2595564,0.5553691461
204.25,0.4446310463,0.5553689537,327.2595509,0.5553689537
204.5,0.4446312369,0.5553687631,327.2595454,0.5553687631
204.75,0.4446314255,0.5553685745,327.2595401,0.5553685745
205,0.4446316123,0.5553683877,327.2595348,0.5553683877
205.25,0.4446317973,0.5553682027,327.2595295,0.5553682027
205.5,0.4446319804,0.5553680196,327.2595243,0.5553680196
205.75,0.4446321617,0.5553678383,327.2595192,0.5553678383
206,0.4446323413,0.5553676587,327.2595141,0.5553676587
206.25,0.4446325191,0.5553674809,327.2595091,0.5553674809
206.5,0.4446326951,0.5553673049,327.2595041,0.5553673049
206.75,0.4446328694,0.5553671306,327.2594992,0.5553671306
207,0.4446330419,0.5553669581,327.2594943,0.5553669581
207.25,0.4446332128,0.5553667872,327.2594895,0.5553667872
207.5,0.4446333819,0.5553666181,327.2594848,0.5553666181
207.75,0.4446335494,0.5553664506,327.2594801,0.5553664506
208,0.4446337152,0.5553662848,327.2594754,0.5553662848
208.25,0.4446338794,0.5553661206,327.2594708,0.5553661206
208.5,0.4446340419,0.5553659581,327.2594663,0.5553659581
208.75,0.4446342028,0.5553657972,327.2594618,0.5553657972
209,0.4446343621,0.5553656379,327.2594573,0.5553656379
209.25,0.4446345198,0.5553654802,327.259453,0.5553654802
209.5,0.4446346759,0.5553653241,327.2594486,0.5553653241
209.75,0.4446348305,0.5553651695,327.2594443,0.5553651695
210,0.4446349835,0.5553650165,327.2594401,0.5553650165
210.25,0.444635135,0.555364865,327.2594359,0.555364865
210.5,0.4446352849,0.5553647151,327.2594317,0.5553647151
210.75,0.4446354334,0.5553645666,327.2594276,0.5553645666
211,0.4446355803,0.5553644197,327.2594236,0.5553644197
211.25,0.4446357258,0.5553642742,327.2594196,0.5553642742
211.5,0.4446358698,0.5553641302,327.2594156,0.5553641302
211.75,0.4446360123,0.5553639877,327.2594117,0.5553639877
212,0.4446361534,0.5553638466,327.2594078,0.5553638466
212.25,0.4446362931,0.5553637069,327.2594039,0.5553637069
212.5,0.4446364313,0.5553635687,327.2594002,0.5553635687
212.75,0.4446365681,0.5553634319,327.2593964,0.5553634319
213,0.4446367036,0.5553632964,327.2593927,0.5553632964
213.25,0.4446368377,0.5553631623,327.259389,0.5553631623
213.5,0.4446369704,0.5553630296,327.2593854,0.5553630296
213.75,0.4446371017,0.5553628983,327.2593818,0.5553628983
214,0.4446372317,0.5553627683,327.2593783,0.5553627683
214.25,0.4446373604,0.5553626396,327.2593748,0.5553626396
214.5,0.4446374878,0.5553625122,327.2593713,0.5553625122
214.75,0.4446376139,0.5553623861,327.2593679,0.5553623861
215,0.4446377387,0.5553622613,327.2593645,0.5553622613
215.25,0.4446378622,0.5553621378,327.2593612,0.5553621378
215.5,0.4446379844,0.5553620156,327.2593579,0.5553620156
215.75,0.4446381054,0.5553618946,327.2593546,0.5553618946
216,0.4446382252,0.5553617748,327.2593514,0.5553617748
216.25,0.4446383437,0.5553616563,327.2593482,0.5553616563
216.5,0.444638461,0.555361539,327.259345,0.555361539
216.75,0.4446385771,0.5553614229,327.2593419,0.5553614229
217,0.444638692,0.555361308,327.2593388,0.555361308
217.25,0.4446388057,0.5553611943,327.2593357,0.5553611943
217.5,0.4446389182,0.5553610818,327.2593327,0.5553610818
217.75,0.4446390296,0.5553609704,327.2593297,0.5553609704
218,0.4446391398,0.5553608602,327.2593268,0.5553608602
218.25,0.4446392489,0.5553607511,327.2593239,0.5553607511
218.5,0.4446393569,0.5553606431,327.259321,0.5553606431
218.75,0.4446394637,0.5553605363,327.2593181,0.5553605363
219,0.4446395694,0.5553604306,327.2593153,0.5553604306
219.25,0.4446396741,0.5553603259,327.2593125,0.5553603259
219.5,0.4446397776,0.5553602224,327.2593098,0.5553602224
219.75,0.4446398801,0.5553601199,327.259307,0.5553601199
220,0.4446399815,0.5553600185,327.2593043,0.5553600185
220.25,0.4446400819,0.5553599181,327.2593017,0.5553599181
220.5,0.4446401812,0.5553598188,327.2592991,0.5553598188
220.75,0.4446402794,0.5553597206,327.2592965,0.5553597206
221,0.4446403767,0.5553596233,327.2592939,0.5553596233
221.25,0.4446404729,0.5553595271,327.2592913,0.5553595271
221.5,0.4446405682,0.5553594318,327.2592888,0.5553594318
221.75,0.4446406624,0.5553593376,327.2592863,0.5553593376
222,0.4446407556,0.5553592444,327.2592839,0.5553592444
222.25,0.4446408479,0.5553591521,327.2592815,0.5553591521
222.5,0.4446409392,0.5553590608,327.2592791,0.5553590608
222.75,0.4446410296,0.5553589704,327.2592767,0.5553589704
223,0.444641119,0.555358881,327.2592743,0.555358881
223.25,0.4446412074,0.5553587926,327.259272,0.5553587926
223.5,0.4446412949,0.5553587051,327.2592697,0.5553587051
223.75,0.4446413815,0.5553586185,327.2592675,0.5553586185
224,0.4446414672,0.5553585328,327.2592652,0.5553585328
224.25,0.444641552,0.555358448,327.259263,0.555358448
224.5,0.4446416359,0.5553583641,327.2592608,0.5553583641
224.75,0.4446417189,0.5553582811,327.2592587,0.5553582811
225,0.4446418011,0.5553581989,327.2592565,0.5553581989
225.25,0.4446418823,0.5553581177,327.2592544,0.5553581177
225.5,0.4446419627,0.5553580373,327.2592523,0.5553580373
225.75,0.4446420423,0.5553579577,327.2592503,0.5553579577
226,0.444642121,0.555357879,327.2592482,0.555357879
226.25,0.4446421989,0.5553578011,327.2592462,0.5553578011
226.5,0.4446422759,0.5553577241,327.2592442,0.5553577241
226.75,0.4446423521,0.5553576479,327.2592422,0.5553576479
227,0.4446424275,0.5553575725,327.2592403,0.5553575725
227.25,0.4446425022,0.5553574978,327.2592384,0.5553574978
227.5,0.444642576,0.555357424,327.2592365,0.555357424
227.75,0.444642649,0.555357351,327.2592346,0.555357351
228,0.4446427213,0.5553572787,327.2592327,0.5553572787
228.25,0.4446427928,0.5553572072,327.2592309,0.5553572072
228.5,0.4446428635,0.5553571365,327.2592291,0.5553571365
228.75,0.4446429335,0.5553570665,327.2592273,0.5553570665
229,0.4446430027,0.5553569973,327.2592255,0.5553569973
229.25,0.4446430712,0.5553569288,327.2592237,0.5553569288
229.5,0.4446431389,0.5553568611,327.259222,0.5553568611
229.75,0.444643206,0.555356794,327.2592203,0.555356794
230,0.4446432723,0.5553567277,327.2592186,0.5553567277
230.25,0.4446433379,0.5553566621,327.2592169,0.5553566621
230.5,0.4446434028,0.5553565972,327.2592153,0.5553565972
230.75,0.444643467,0.555356533,327.2592136,0.555356533
231,0.4446435305,0.5553564695,327.259212,0.5553564695
231.25,0.4446435933,0.5553564067,327.2592104,0.5553564067
231.5,0.4446436554,0.5553563446,327.2592088,0.5553563446
231.75,0.4446437169,0.5553562831,327.2592073,0.5553562831
232,0.4446437777,0.5553562223,327.2592057,0.5553562223
232.25,0.4446438379,0.5553561621,327.2592042,0.5553561621
232.5,0.4446438974,0.5553561026,327.2592027,0.5553561026
232.75,0.4446439563,0.5553560437,327.2592012,0.5553560437
233,0.4446440145,0.5553559855,327.2591997,0.5553559855
233.25,0.4446440721,0.5553559279,327.2591983,0.5553559279
233.5,0.4446441291,0.5553558709,327.2591968,0.5553558709
233.75,0.4446441855,0.5553558145,327.2591954,0.5553558145
234,0.4446442412,0.5553557588,327.259194,0.5553557588
234.25,0.4446442964,0.5553557036,327.2591926,0.5553557036
234.5,0.4446443509,0.5553556491,327.2591912,0.5553556491
234.75,0.4446444049,0.5553555951,327.2591899,0.5553555951
235,0.4446444583,0.5553555417,327.2591885,0.5553555417
235.25,0.4446445111,0.5553554889,327.2591872,0.5553554889
235.5,0.4446445633,0.5553554367,327.2591859,0.5553554367
235.75,0.444644615,0.555355385,327.2591846,0.555355385
236,0.444644666,0.555355334,327.2591833,0.555355334
236.25,0.4446447166,0.5553552834,327.2591821,0.5553552834
236.5,0.4446447666,0.5553552334,327.2591808,0.5553552334
236.75,0.444644816,0.555355184,327.2591796,0.555355184
237,0.4446448649,0.5553551351,327.2591784,0.5553551351
237.25,0.4446449133,0.5553550867,327.2591772,0.5553550867
237.5,0.4446449611,0.5553550389,327.259176,0.5553550389
237.75,0.4446450085,0.5553549915,327.2591748,0.5553549915
238,0.4446450553,0.5553549447,327.2591736,0.5553549447
238.25,0.4446451016,0.5553548984,327.2591725,0.5553548984
238.5,0.4446451473,0.5553548527,327.2591713,0.5553548527
238.75,0.4446451926,0.5553548074,327.2591702,0.5553548074
239,0.4446452374,0.5553547626,327.2591691,0.5553547626
239.25,0.4446452817,0.5553547183,327.259168,0.5553547183
239.5,0.4446453255,0.5553546745,327.2591669,0.5553546745
239.75,0.4446453689,0.5553546311,327.2591659,0.5553546311
240,0.4446454117,0.5553545883,327.2591648,0.5553545883
240.25,0.4446454541,0.5553545459,327.2591638,0.5553545459
240.5,0.444645496,0.555354504,327.2591627,0.555354504
240.75,0.4446455375,0.5553544625,327.2591617,0.5553544625
241,0.4446455785,0.5553544215,327.2591607,0.5553544215
241.25,0.4446456191,0.5553543809,327.2591597,0.5553543809
241.5,0.4446456592,0.5553543408,327.2591587,0.5553543408
241.75,0.4446456988,0.5553543012,327.2591577,0.5553543012
242,0.4446457381,0.5553542619,327.2591568,0.5553542619
242.25,0.4446457769,0.5553542231,327.2591558,0.5553542231
242.5,0.4446458152,0.5553541848,327.2591549,0.5553541848
242.75,0.4446458532,0.5553541468,327.2591539,0.5553541468
243,0.4446458907,0.5553541093,327.259153,0.5553541093
243.25,0.4446459279,0.5553540721,327.2591521,0.5553540721
243.5,0.4446459646,0.5553540354,327.2591512,0.5553540354
243.75,0.4446460009,0.5553539991,327.2591503,0.5553539991
244,0.4446460368,0.5553539632,327.2591494,0.5553539632
244.25,0.4446460723,0.5553539277,327.2591486,0.5553539277
244.5,0.4446461074,0.5553538926,327.2591477,0.5553538926
244.75,0.4446461421,0.5553538579,327.2591469,0.5553538579
245,0.4446461765,0.5553538235,327.259146,0.5553538235
245.25,0.4446462104,0.5553537896,327.2591452,0.5553537896
245.5,0.444646244,0.555353756,327.2591444,0.555353756
245.75,0.4446462772,0.5553537228,327.2591436,0.5553537228
246,0.4446463101,0.5553536899,327.2591428,0.5553536899
246.25,0.4446463425,0.5553536575,327.259142,0.5553536575
246.5,0.4446463746,0.5553536254,327.2591412,0.5553536254
246.75,0.4446464064,0.5553535936,327.2591405,0.5553535936
247,0.4446464378,0.5553535622,327.2591397,0.5553535622
247.25,0.4446464689,0.5553535311,327.259139,0.5553535311
247.5,0.4446464996,0.5553535004,327.2591382,0.5553535004
247.75,0.4446465299,0.5553534701,327.2591375,0.5553534701
248,0.4446465599,0.5553534401,327.2591368,0.5553534401
248.25,0.4446465896,0.5553534104,327.259136,0.5553534104
248.5,0.444646619,0.555353381,327.2591353,0.555353381
248.75,0.444646648,0.555353352,327.2591346,0.555353352
249,0.4446466767,0.5553533233,327.2591339,0.5553533233
249.25,0.4446467051,0.5553532949,327.2591333,0.5553532949
249.5,0.4446467332,0.5553532668,327.2591326,0.5553532668
249.75,0.4446467609,0.5553532391,327.2591319,0.5553532391
250,0.4446467883,0.5553532117,327.2591313,0.5553532117
250.25,0.4446468155,0.5553531845,327.2591306,0.5553531845
250.5,0.4446468423,0.5553531577,327.25913,0.5553531577
250.75,0.4446468688,0.5553531312,327.2591293,0.5553531312
251,0.444646895,0.555353105,327.2591287,0.555353105
251.25,0.444646921,0.555353079,327.2591281,0.555353079
251.5,0.4446469466,0.5553530534,327.2591275,0.5553530534
251.75,0.4446469719,0.5553530281,327.2591269,0.5553530281
252,0.444646997,0.555353003,327.2591263,0.555353003
252.25,0.4446470218,0.5553529782,327.2591257,0.5553529782
252.5,0.4446470463,0.5553529537,327.2591251,0.5553529537
252.75,0.4446470705,0.5553529295,327.2591245,0.5553529295
253,0.4446470945,0.5553529055,327.259124,0.5553529055
253.25,0.4446471181,0.5553528819,327.2591234,0.5553528819
253.5,0.4446471416,0.5553528584,327.2591228,0.5553528584
253.75,0.4446471647,0.5553528353,327.2591223,0.5553528353
254,0.4446471876,0.5553528124,327.2591217,0.5553528124
254.25,0.4446472102,0.5553527898,327.2591212,0.5553527898
254.5,0.4446472326,0.5553527674,327.2591207,0.5553527674
254.75,0.4446472547,0.5553527453,327.2591202,0.5553527453
255,0.4446472766,0.5553527234,327.2591196,0.5553527234
255.25,0.4446472982,0.5553527018,327.2591191,0.5553527018
255.5,0.4446473196,0.5553526804,327.2591186,0.5553526804
255.75,0.4446473408,0.5553526592,327.2591181,0.5553526592
256,0.4446473617,0.5553526383,327.2591176,0.5553526383
256.25,0.4446473823,0.5553526177,327.2591171,0.5553526177
256.5,0.4446474028,0.5553525972,327.2591167,0.5553525972
256.75,0.444647423,0.555352577,327.2591162,0.555352577
257,0.4446474429,0.5553525571,327.2591157,0.5553525571
257.25,0.4446474627,0.5553525373,327.2591152,0.5553525373
257.5,0.4446474822,0.5553525178,327.2591148,0.5553525178
257.75,0.4446475015,0.5553524985,327.2591143,0.5553524985
258,0.4446475206,0.5553524794,327.2591139,0.5553524794
258.25,0.4446475395,0.5553524605,327.2591134,0.5553524605
258.5,0.4446475581,0.5553524419,327.259113,0.5553524419
258.75,0.4446475766,0.5553524234,327.2591126,0.5553524234
259,0.4446475948,0.5553524052,327.2591121,0.5553524052
259.25,0.4446476129,0.5553523871,327.2591117,0.5553523871
259.5,0.4446476307,0.5553523693,327.2591113,0.5553523693
259.75,0.4446476483,0.5553523517,327.2591109,0.5553523517
260,0.4446476657,0.5553523343,327.2591105,0.5553523343
260.25,0.4446476829,0.5553523171,327.2591101,0.5553523171
260.5,0.4446477,0.5553523,327.2591097,0.5553523
260.75,0.4446477168,0.5553522832,327.2591093,0.5553522832
261,0.4446477335,0.5553522665,327.2591089,0.5553522665
261.25,0.4446477499,0.5553522501,327.2591085,0.5553522501
261.5,0.4446477662,0.5553522338,327.2591082,0.5553522338
261.75,0.4446477822,0.5553522178,327.2591078,0.5553522178
262,0.4446477981,0.5553522019,327.2591074,0.5553522019
262.25,0.4446478138,0.5553521862,327.259107,0.5553521862
262.5,0.4446478294,0.5553521706,327.2591067,0.5553521706
262.75,0.4446478447,0.5553521553,327.2591063,0.5553521553
263,0.4446478599,0.5553521401,327.259106,0.5553521401
263.25,0.4446478749,0.5553521251,327.2591056,0.5553521251
263.5,0.4446478897,0.5553521103,327.2591053,0.5553521103
263.75,0.4446479044,0.5553520956,327.2591049,0.5553520956
264,0.4446479189,0.5553520811,327.2591046,0.5553520811
264.25,0.4446479332,0.5553520668,327.2591043,0.5553520668
264.5,0.4446479474,0.5553520526,327.259104,0.5553520526
264.75,0.4446479614,0.5553520386,327.2591036,0.5553520386
265,0.4446479752,0.5553520248,327.2591033,0.5553520248
265.25,0.4446479889,0.5553520111,327.259103,0.5553520111
265.5,0.4446480024,0.5553519976,327.2591027,0.5553519976
265.75,0.4446480157,0.5553519843,327.2591024,0.5553519843
266,0.444648029,0.555351971,327.2591021,0.555351971
266.25,0.444648042,0.555351958,327.2591018,0.555351958
266.5,0.4446480549,0.5553519451,327.2591015,0.5553519451
266.75,0.4446480677,0.5553519323,327.2591012,0.5553519323
267,0.4446480803,0.5553519197,327.2591009,0.5553519197
267.25,0.4446480927,0.5553519073,327.2591006,0.5553519073
267.5,0.444648105,0.555351895,327.2591003,0.555351895
267.75,0.4446481172,0.5553518828,327.2591001,0.5553518828
268,0.4446481293,0.5553518707,327.2590998,0.5553518707
268.25,0.4446481411,0.5553518589,327.2590995,0.5553518589
268.5,0.4446481529,0.5553518471,327.2590992,0.5553518471
268.75,0.4446481645,0.5553518355,327.259099,0.5553518355
269,0.444648176,0.555351824,327.2590987,0.555351824
269.25,0.4446481874,0.5553518126,327.2590985,0.5553518126
269.5,0.4446481986,0.5553518014,327.2590982,0.5553518014
269.75,0.4446482097,0.5553517903,327.2590979,0.5553517903
270,0.4446482206,0.5553517794,327.2590977,0.5553517794
270.25,0.4446482315,0.5553517685,327.2590974,0.5553517685
270.5,0.4446482422,0.5553517578,327.2590972,0.5553517578
270.75,0.4446482528,0.5553517472,327.259097,0.5553517472
271,0.4446482632,0.5553517368,327.2590967,0.5553517368
271.25,0.4446482736,0.5553517264,327.2590965,0.5553517264
271.5,0.4446482838,0.5553517162,327.2590963,0.5553517162
271.75,0.4446482939,0.5553517061,327.259096,0.5553517061
272,0.4446483039,0.5553516961,327.2590958,0.5553516961
272.25,0.4446483138,0.5553516862,327.2590956,0.5553516862
272.5,0.4446483235,0.5553516765,327.2590954,0.5553516765
272.75,0.4446483332,0.5553516668,327.2590951,0.5553516668
273,0.4446483427,0.5553516573,327.2590949,0.5553516573
273.25,0.4446483521,0.5553516479,327.2590947,0.5553516479
273.5,0.4446483615,0.5553516385,327.2590945,0.5553516385
273.75,0.4446483707,0.5553516293,327.2590943,0.5553516293
274,0.4446483798,0.5553516202,327.2590941,0.5553516202
274.25,0.4446483888,0.5553516112,327.2590939,0.5553516112
274.5,0.4446483977,0.5553516023,327.2590937,0.5553516023
274.75,0.4446484064,0.5553515936,327.2590935,0.5553515936
275,0.4446484151,0.5553515849,327.2590933,0.5553515849
275.25,0.4446484237,0.5553515763,327.2590931,0.5553515763
275.5,0.4446484322,0.5553515678,327.2590929,0.5553515678
275.75,0.4446484406,0.5553515594,327.2590927,0.5553515594
276,0.4446484489,0.5553515511,327.2590925,0.5553515511
276.25,0.4446484571,0.5553515429,327.2590924,0.5553515429
276.5,0.4446484652,0.5553515348,327.2590922,0.5553515348
276.75,0.4446484732,0.5553515268,327.259092,0.5553515268
277,0.4446484811,0.5553515189,327.2590918,0.5553515189
277.25,0.4446484889,0.5553515111,327.2590916,0.5553515111
277.5,0.4446484967,0.5553515033,327.2590915,0.5553515033
277.75,0.4446485043,0.5553514957,327.2590913,0.5553514957
278,0.4446485118,0.5553514882,327.2590911,0.5553514882
278.25,0.4446485193,0.5553514807,327.259091,0.5553514807
278.5,0.4446485267,0.5553514733,327.2590908,0.5553514733
278.75,0.444648534,0.555351466,327.2590906,0.555351466
279,0.4446485412,0.5553514588,327.2590905,0.5553514588
279.25,0.4446485483,0.5553514517,327.2590903,0.5553514517
279.5,0.4446485553,0.5553514447,327.2590902,0.5553514447
279.75,0.4446485622,0.5553514378,327.25909,0.5553514378
280,0.4446485691,0.5553514309,327.2590898,0.5553514309
280.25,0.4446485759,0.5553514241,327.2590897,0.5553514241
280.5,0.4446485826,0.5553514174,327.2590896,0.5553514174
280.75,0.4446485892,0.5553514108,327.2590894,0.5553514108
281,0.4446485958,0.5553514042,327.2590893,0.5553514042
281.25,0.4446486022,0.5553513978,327.2590891,0.5553513978
281.5,0.4446486086,0.5553513914,327.259089,0.5553513914
281.75,0.4446486149,0.5553513851,327.2590888,0.5553513851
282,0.4446486212,0.5553513788,327.2590887,0.5553513788
282.25,0.4446486274,0.5553513726,327.2590886,0.5553513726
282.5,0.4446486334,0.5553513666,327.2590884,0.5553513666
282.75,0.4446486395,0.5553513605,327.2590883,0.5553513605
283,0.4446486454,0.5553513546,327.2590882,0.5553513546
283.25,0.4446486513,0.5553513487,327.259088,0.5553513487
283.5,0.4446486571,0.5553513429,327.2590879,0.5553513429
283.75,0.4446486629,0.5553513371,327.2590878,0.5553513371
284,0.4446486685,0.5553513315,327.2590876,0.5553513315
284.25,0.4446486741,0.5553513259,327.2590875,0.5553513259
284.5,0.4446486797,0.5553513203,327.2590874,0.5553513203
284.75,0.4446486851,0.5553513149,327.2590873,0.5553513149
285,0.4446486906,0.5553513094,327.2590872,0.5553513094
285.25,0.4446486959,0.5553513041,327.259087,0.5553513041
285.5,0.4446487012,0.5553512988,327.2590869,0.5553512988
285.75,0.4446487064,0.5553512936,327.2590868,0.5553512936
286,0.4446487116,0.5553512884,327.2590867,0.5553512884
286.25,0.4446487167,0.5553512833,327.2590866,0.5553512833
286.5,0.4446487217,0.5553512783,327.2590865,0.5553512783
286.75,0.4446487267,0.5553512733,327.2590864,0.5553512733
287,0.4446487316,0.5553512684,327.2590863,0.5553512684
287.25,0.4446487364,0.5553512636,327.2590862,0.5553512636
287.5,0.4446487412,0.5553512588,327.2590861,0.5553512588
287.75,0.444648746,0.555351254,327.259086,0.555351254
288,0.4446487507,0.5553512493,327.2590858,0.5553512493
288.25,0.4446487553,0.5553512447,327.2590857,0.5553512447
288.5,0.4446487599,0.5553512401,327.2590856,0.5553512401
288.75,0.4446487644,0.5553512356,327.2590855,0.5553512356
289,0.4446487689,0.5553512311,327.2590855,0.5553512311
289.25,0.4446487733,0.5553512267,327.2590854,0.5553512267
289.5,0.4446487777,0.5553512223,327.2590853,0.5553512223
289.75,0.444648782,0.555351218,327.2590852,0.555351218
290,0.4446487862,0.5553512138,327.2590851,0.5553512138
290.25,0.4446487905,0.5553512095,327.259085,0.5553512095
290.5,0.4446487946,0.5553512054,327.2590849,0.5553512054
290.75,0.4446487987,0.5553512013,327.2590848,0.5553512013
291,0.4446488028,0.5553511972,327.2590847,0.5553511972
291.25,0.4446488068,0.5553511932,327.2590846,0.5553511932
291.5,0.4446488108,0.5553511892,327.2590845,0.5553511892
291.75,0.4446488147,0.5553511853,327.2590845,0.5553511853
292,0.4446488186,0.5553511814,327.2590844,0.5553511814
292.25,0.4446488224,0.5553511776,327.2590843,0.5553511776
292.5,0.4446488262,0.5553511738,327.2590842,0.5553511738
292.75,0.44464883,0.55535117,327.2590841,0.55535117
293,0.4446488337,0.5553511663,327.259084,0.5553511663
293.25,0.4446488373,0.5553511627,327.259084,0.5553511627
293.5,0.4446488409,0.5553511591,327.2590839,0.5553511591
293.75,0.4446488445,0.5553511555,327.2590838,0.5553511555
294,0.444648848,0.555351152,327.2590837,0.555351152
294.25,0.4446488515,0.5553511485,327.2590837,0.5553511485
294.5,0.4446488549,0.5553511451,327.2590836,0.5553511451
294.75,0.4446488583,0.5553511417,327.2590835,0.5553511417
295,0.4446488617,0.5553511383,327.2590834,0.5553511383
295.25,0.444648865,0.555351135,327.2590834,0.555351135
295.5,0.4446488683,0.5553511317,327.2590833,0.5553511317
295.75,0.4446488715,0.5553511285,327.2590832,0.5553511285
296,0.4446488747,0.5553511253,327.2590832,0.5553511253
296.25,0.4446488779,0.5553511221,327.2590831,0.5553511221
296.5,0.444648881,0.555351119,327.259083,0.555351119
296.75,0.4446488841,0.5553511159,327.259083,0.5553511159
297,0.4446488871,0.5553511129,327.2590829,0.5553511129
297.25,0.4446488901,0.5553511099,327.2590828,0.5553511099
297.5,0.4446488931,0.5553511069,327.2590828,0.5553511069
297.75,0.444648896,0.555351104,327.2590827,0.555351104
298,0.4446488989,0.5553511011,327.2590826,0.5553511011
298.25,0.4446489018,0.5553510982,327.2590826,0.5553510982
298.5,0.4446489047,0.5553510953,327.2590825,0.5553510953
298.75,0.4446489075,0.5553510925,327.2590825,0.5553510925
299,0.4446489102,0.5553510898,327.2590824,0.5553510898
299.25,0.444648913,0.555351087,327.2590823,0.555351087
299.5,0.4446489157,0.5553510843,327.2590823,0.5553510843
299.75,0.4446489183,0.5553510817,327.2590822,0.5553510817
300,0.444648921,0.555351079,327.2590822,0.555351079
